Result,Seed,flag,username,timestamp
"[{""image"":{""path"":""gradio_cached_examples/30/Result/6c54ab29f909267b109e/deca47c4-c349-4963-8b8d-e0cb30c31590.png"",""url"":null,""size"":null,""orig_name"":null,""mime_type"":null},""caption"":null}]",0,,,2024-04-14 20:53:32.845162
"[{""image"":{""path"":""gradio_cached_examples/30/Result/5159170d7b86673c3ccb/e990bf4d-8a0d-4325-a7d5-25a8fa065fed.png"",""url"":null,""size"":null,""orig_name"":null,""mime_type"":null},""caption"":null}]",0,,,2024-04-14 20:53:40.397336
"[{""image"":{""path"":""gradio_cached_examples/30/Result/d455682bd4ba8e9022e4/acb9412d-2248-4925-91ff-24a5b45e72bf.png"",""url"":null,""size"":null,""orig_name"":null,""mime_type"":null},""caption"":null}]",0,,,2024-04-14 20:53:47.754839
"[{""image"":{""path"":""gradio_cached_examples/30/Result/407faca478e4f705d830/39dd5ad0-db26-4bc8-ae08-505458f24926.png"",""url"":null,""size"":null,""orig_name"":null,""mime_type"":null},""caption"":null}]",0,,,2024-04-14 20:53:55.348355
"[{""image"":{""path"":""gradio_cached_examples/30/Result/035db065baffd0d2d709/ee670516-5dba-4615-989a-1e7b48141e9c.png"",""url"":null,""size"":null,""orig_name"":null,""mime_type"":null},""caption"":null}]",0,,,2024-04-14 20:54:02.809513
"[{""image"":{""path"":""gradio_cached_examples/30/Result/5076a1ee4cb7a8dfc10c/9ed0beba-2b81-495c-8ee6-665480a90b51.png"",""url"":null,""size"":null,""orig_name"":null,""mime_type"":null},""caption"":null}]",0,,,2024-04-14 20:54:10.332596
"[{""image"":{""path"":""gradio_cached_examples/30/Result/090507beb3764f198e97/e9bc3391-06f6-4fd6-9265-c7c8d5977f29.png"",""url"":null,""size"":null,""orig_name"":null,""mime_type"":null},""caption"":null}]",0,,,2024-04-14 20:54:17.760483
"[{""image"":{""path"":""gradio_cached_examples/30/Result/8848998f1fb134841164/e11a4cac-c9a2-4f33-971a-731d1852be07.png"",""url"":null,""size"":null,""orig_name"":null,""mime_type"":null},""caption"":null}]",0,,,2024-04-14 20:54:25.250292
"[{""image"":{""path"":""gradio_cached_examples/30/Result/2a38599f3f07e5108650/b47b97a6-1f97-4257-884e-414a1315d047.png"",""url"":null,""size"":null,""orig_name"":null,""mime_type"":null},""caption"":null}]",0,,,2024-04-14 20:54:32.739248
